Delhi,India
Mumbai,India
Kolkata,India
Bangalore,India
Chennai,India
Hyderabad,India
Pune,India
Ahmedabad,India
Allahabad,India
Surat,India
Lucknow,India
Jaipur,India
Cawnpore,India
Mirzapur,India
Nagpur,India
Ghaziabad,India
Vadodara,India
Vishakhapatnam,India
Indore,India
Thane,India
Bhopal,India
Patna,India
Bilaspur,India
Ludhiana,India
Agra,India
Kalyan,India
Madurai,India
Jamshedpur,India
Nasik,India
Faridabad,India
Aurangabad,India
Rajkot,India
Meerut,India
Jabalpur,India
Dhanbad,India
Varanasi,India
Srinagar,India
Amritsar,India
Aligarh,India
Guwahati,India
Bhilai,India
Haora,India
Ranchi,India
Gwalior,India
Bezwada,India
Chandigarh,India
Jodhpur,India
Mysore,India
Raipur,India
Kota,India
New Delhi,India
Bareilly,India
Coimbatore,India
Solapur,India
Trichinopoly,India
Hubli,India
Jalandhar,India
Bhubaneshwar,India
Moradabad,India
Kolhapur,India
Thiruvananthapuram,India
Bhiwandi,India
Saharanpur,India
Warangal,India
Salem,India
Malegaon,India
Kochi,India
Gorakhpur,India
Shimoga,India
Guntur,India
Tiruppur,India
Raurkela,India
Mangalore,India
Nanded,India
Cuttack,India
Tumkur,India
Chanda,India
Dehra Dun,India
Durgapur,India
Asansol,India
Bhavnagar,India
Nellore,India
Amravati,India
Ajmer,India
Tinnevelly,India
Bikaner,India
Agartala,India
Ujjain,India
Ulhasnagar,India
Jhansi,India
Davangere,India
Jammu,India
Belgaum,India
Gulbarga,India
Jamnagar,India
Dhulia,India
Gaya,India
Jalgaon,India
Kurnool,India
Udaipur,India
Bellary,India
Sangli,India
Tuticorin,India
Calicut,India
Akola,India
Bhagalpur,India
Quilon,India
Sikar,India
Bhatpara,India
Kakinada,India
Bhilwara,India
Nizamabad,India
Panihati,India
Parbhani,India
Rohtak,India
Latur,India
Rajapalaiyam,India
Ahmadnagar,India
Rajahmundry,India
Cuddapah,India
Muzaffarpur,India
Alwar,India
Brahmapur,India
Kamarhati,India
Mathura,India
Patiala,India
Saugor,India
Bijapur,India
Shahjanpur,India
Junagadh,India
Trichur,India
Barddhaman,India
Purnea,India
Sambalpur,India
Firozabad,India
Hisar,India
Rampur,India
Bali,India
Panipat,India
Aizawl,India
Karimnagar,India
Bhuj,India
Ichalkaranji,India
Hospet,India
Bhatinda,India
Sannai,India
Barasat,India
Ratlam,India
Drug,India
Handwara,India
Imphal,India
Anantapur,India
Etawah,India
Raichur,India
Bharatpur,India
Begusarai,India
Sonipat,India
Shrirampur,India
Hapur,India
Ramgundam,India
Uluberiya,India
Puducherry,India
Porbandar,India
Vizianagaram,India
Pali,India
Nadiad,India
Nagercoil,India
Karnal,India
Puri,India
Tanjore,India
Secunderabad,India
Sambhal,India
Shiliguri,India
Naihati,India
Shimla,India
Kharagpur,India
Dindigul,India
Ingraj Bazar,India
Ongole,India
Ellore,India
Haldia,India
Gurgaon,India
Bulandshahr,India
Baharampur,India
Chakradharpur,India
Madhyamgram,India
Burhanpur,India
Khammam,India
Bhiwani,India
Ghandinagar,India
Hugli,India
Mahbubnagar,India
Nandyal,India
Raiganj,India
Barakpur,India
Mahesana,India
Batala,India
Bhusaval,India
Bahraigh,India
Tonk,India
Sirsa,India
Jaunpur,India
Dam Dam,India
Madanapalle,India
Alleppey,India
Vellore,India
Titagarh,India
Chandannagar,India
Cuddalore,India
Chirala,India
Deo,India
Bidar,India
Machilipatnam,India
Medinipur,India
Baramula,India
Fatehpur,India
Tenali,India
Udipi,India
Sitalpur,India
Conjeeveram,India
Proddatur,India
Navsari,India
Godhra,India
Budaun,India
Chittoor,India
Krishnanagar,India
Bharuch,India
Saharsa,India
Haripur,India
Pathankot,India
Vidisha,India
Nalgonda,India
Balurghat,India
Dibrugarh,India
Veraval,India
Fyzabad,India
Silchar,India
Shantipur,India
Hindupur,India
Erode,India
Beawar,India
Mauli,India
Habra,India
Ambala,India
Etah,India
Shillong,India
Kolar,India
Bhimavaram,India
Mandsaur,India
Kumbakonam,India
Chicacole,India
Tiruvannamalai,India
Mandya,India
Bankura,India
Gondia,India
Hassan,India
Pilibhit,India
Palghat,India
Palakollu,India
Abohar,India
Kanchrapara,India
Hanumangarh,India
Hathras,India
Basirhat,India
Navadwip,India
Guntakal,India
Halisahar,India
Rishra,India
Baidyabati,India
Dharmavaram,India
Ghazipur,India
Puruliya,India
Darjeeling,India
Gudivada,India
Sopur,India
Adilabad,India
Narasaraopet,India
Yavatmal,India
Chittaurgarh,India
Bansbaria,India
Siddipet,India
Valparai,India
Osmanabad,India
Champdani,India
Khardah,India
Bangaon,India
Tadpatri,India
Islamabad,India
Jalpaiguri,India
Suriapet,India
Tadepallegudem,India
Kalyani,India
Negapatam,India
Bundi,India
Bhadreswar,India
Chilakalurupet,India
Port Blair,India
Gangtok,India
Dhulian,India
Kohima,India
Marmagao,India
Jangipur,India
Baj Baj,India
Tanuku,India
Siuri,India
Tamluk,India
Bankra,India
Nagari,India
Chakapara,India
Itanagar,India
Mundka,India
Baruipur,India
Mandapeta,India
Bhimunipatnam,India
Pithapuram,India
Amalapuram,India
Bodupal,India
Gobardanga,India
Diamond Harbour,India
Daman,India
Amudalavalasa,India
Kankuria,India
Pujali,India
Chittaranjan,India
Panaji,India
Kaippakancheri,India
Sankrail,India
Elesvaram,India
Tarakeswar,India
Nibria,India
Kuli,India
Beldanga,India
Saranga,India
Jaynagar-Majilpur,India
Panchla,India
Mamidalapadu,India
Jalhalli,India
Poranki,India
Sundararaopeta,India
Bauria,India
Dumjor,India
Mahiari,India
Mayahaura,India
Dispur,India
Malancha,India
Raghudebbati,India
Nahazari,India
Giria,India
Baharu,India
Jagdispur,India
Ramnagar,India
Jaypul,India
Dogachi,India
Janai,India
Bahagalpur,India
Muragacha,India
Chandi,India
Saktipur,India
Bhabanipur,India
Bandlaguda,India
Begampur,India
Amtala,India
Velivennu,India
Begampur,India
Kalinagar,India
Natshal,India
Chaital,India
Dhamua,India
Multi,India
Chandpur,India
Sahapur,India
Amgachia,India
Laskarpar,India
Nimpot,India
Harua,India
Nazira,India
Krishnapur,India
Nalpur,India
Mahadipur,India
Iarpur,India
Raspunji,India
Nijgaon Paranpur,India
Ballalpur,India
Kavaratti,India
Patra,India
Chandnidaha,India
Nabagram,India
Hilora,India
Imamnagar,India
Serpur,India
Dignagar,India
Palta,India
Beonta,India
Andharmanik,India
Balbalpara,India
Bhandardaha,India
Jajigram,India
Alipur,India
Burul,India
Purbba Ramnagar,India
Bansabati,India
Bodai,India
Uttarbhag,India
Gacha,India
Gotra,India
Bamanpukur,India
Padmarha,India
Ramkrishnapur,India
Iswaripur,India
Nadabhanga,India
Bishnupur,India
Bhasa,India
Bodra,India
Tinsukia,India
Khambhat,India
Aurangabad,India
Chakdaha,India
Contai,India
Rayachoti,India
Kavali,India
Mancheral,India
Kairana,India
Kadiri,India
Madgaon,India
Ootacamund,India
Faridkot,India
Anakapalle,India
Garulia,India
Sirsilla,India
Katoya,India
Kamareddipet,India
Bolpur,India
Gumla,India
Simdega,India
Kottagudem,India
Koch Bihar,India
Bodhan,India
Karur,India
Mangalagiri,India
Bapatla,India
Markapur,India
Malaut,India
Badvel,India
Jorhat,India
Basavakalyan,India
Beypore,India
Bishnupur,India
Koratla,India
Pulivendla,India
Alipur Duar,India
Jaisalmer,India
Tadepalle,India
Gadwal,India
Jatani,India
Kodad,India
Nawalgarh,India
Armur,India
Jhargram,India
Wanparti,India
Chamrajnagar,India
Ponnuru,India
Chandralapadu,India
Vinukonda,India
Tezpur,India
Narasapur,India
Panskura,India
Rampur Hat,India
Lonavale,India
Samalkot,India
Kalna,India
Kothapet,India
Macherla,India
Kandukur,India
Sattenapalle,India
Bobbili,India
Vrindavan,India
Gangarampur,India
Kandi,India
Belampalli,India
Pithoragarh,India
Puttur,India
Islampur,India
Punganuru,India
Nandod,India
Palmaner,India
Jalor,India
Kaliyaganj,India
Vikarabad,India
Baduria,India
Dholka,India
Tuni,India
Jaggayyapeta,India
Venkatagiri,India
Sihor,India
Jangaon,India
Mandamari,India
Diu,India
Metpalli,India
Repalle,India
Peddapuram,India
Bhadrachalam,India
Ajodhya,India
Bhainsa,India
Prattipadu,India
Jasdan,India
Vuyyuru,India
Nandikotkur,India
Dhupgari,India
Jammalamadugu,India
Rameswaram,India
Murshidabad,India
Sainthia,India
Charkhi Dadri,India
Nandigama,India
Nidadavole,India
Addanki,India
Nilothi,India
Mahbubabad,India
Berubari,India
Akbarpur,India
Karsiyang,India
Rajgir,India
Nalhati,India
Memari,India
Rajaori,India
Pileru,India
Peddapalli,India
Naini Tal,India
Kovvur,India
Channarayapatna,India
Maihar,India
Junnar,India
Kalimpong,India
Atmakur,India
Solan,India
Vetapalem,India
Taki,India
Betamcherla,India
Penumur,India
Dwarka,India
Kadiyam,India
Dubrajpur,India
Pathanamthitta,India
Sitalkuchi,India
Dalkola,India
Ichchapuram,India
Mahe,India
Kanigiri,India
Dinhata,India
Huzurnagar,India
Kodaikanal,India
Udhampur,India
Vempalle,India
Medchal,India
Uravakonda,India
Guskhara,India
Yellandu,India
Giddalur,India
Balarampur,India
Angamali,India
Vemalwada,India
Narsipatnam,India
Shrirangapattana,India
Shamsabad,India
Almora,India
Kondapalle,India
Debagram,India
Fatehpur Sikri,India
Jamikunta,India
Darsi,India
Umaria,India
Kovur,India
Erraguntla,India
Naspur,India
Kalyandrug,India
Mangur,India
Tummapala,India
Pedana,India
Pandua,India
Lalgola,India
Mussoorie,India
Margram,India
Podili,India
Uran,India
Mainaguri,India
Egra,India
Leh,India
Chimakurti,India
Koratgi,India
Garaimari,India
Devarkonda,India
Pattikonda,India
Atmakur,India
Sonamukhi,India
Khunti,India
Nakrekal,India
Kodumur,India
Srungavarapukota,India
Kalwakurti,India
Banswada,India
Silvassa,India
Kotagiri,India
Ramanayyapeta,India
Tanguturu,India
Varandarapilli,India
Payakaraopeta,India
Penukonda,India
Bandipura,India
Suluru,India
Panchanandapur,India
Pamidi,India
Gilarchat,India
Guruzala,India
Narasannapeta,India
Chintalapudi,India
Renigunta,India
Kottapeta,India
Raghunathpur,India
Attili,India
Gajwel,India
Singarayakonda,India
Avanigadda,India
Khed Brahma,India
Aklvidu,India
Mogalturru,India
Balarampur,India
Gorantla,India
Mummidivaram,India
Khajuraho,India
Ashwaraopeta,India
Yadiki,India
Kosigi,India
Chandrakona,India
Gauripur,India
Koilkuntla,India
Bagula,India
Kulgam,India
Velugodu,India
Asafabad,India
Abu,India
Singur,India
Curchorem,India
Pushkar,India
Bukkarayasamudram,India
Ganapavaram,India
Pamarru,India
Chagallu,India
Sarapaka,India
Pakala,India
Maruturu,India
Husnabad,India
Kuppam,India
Madakasira,India
Mailavaram,India
Tufanganj,India
Nellimarla,India
Kosgi,India
Kaikalur,India
Tehata,India
Parkal,India
Chagalamarri,India
Umrapur,India
Krishnapur,India
Kattanam,India
Nizampatam,India
Gannavaram,India
Ghatkesar,India
Palashi,India
Palkonda,India
Andal,India
Achampet,India
Banganapalle,India
Kamalapuram,India
Vinjamur,India
Karlapalem,India
Nalua,India
Mundra,India
Chandragiri,India
Marahra,India
Sompeta,India
Belur,India
Kanniyakumari,India
Namburu,India
Ramjibanpur,India
Kakdwip,India
Kanekallu,India
Jhalida,India
Jaggampeta,India
Dharmsala,India
Somandepalle,India
Sirvar,India
Chinna Ganjam,India
Srikhanda,India
Narapala,India
Badkulla,India
Chilkuru,India
Chautapal,India
Rampur,India
Tiruvur,India
Bhagabanpur,India
Jadcherla,India
Mellacheruvu,India
Tadikonda,India
Rajmahal,India
Debipur,India
Kulu,India
Vissannapeta,India
Kotta Kalidindi,India
Vayalpad,India
Veldurti,India
Maripad,India
Belakoba,India
Panchgram,India
Inkollu,India
Manthani,India
Pernamitta,India
Gokavaram,India
Kembhavi,India
Phirangipuram,India
Kasimkota,India
Dighirpar,India
Dharmapuri,India
Challapalle,India
Kottapeta,India
Bahutal,India
Penugonda,India
Mahalandi,India
Gonegandla,India
Gokarna,India
Rentachintala,India
Kamavarapukota,India
Barnia,India
Ramayampet,India
Podalakur,India
Chopadandi,India
Khed,India
Kompalle,India
Khirpai,India
Kolluru,India
Mitrapur,India
Islampur,India
Bhagwangola,India
Galivedu,India
Raikal,India
Kota,India
Chennur,India
Sultanabad,India
Sanatikri,India
Tadikalapudi,India
Patapatnam,India
Balkonda,India
Porumamilla,India
Kallur,India
Udayagiri,India
Kolakaluru,India
Vontimitta,India
Seven Pagodas,India
Utnur,India
Undi,India
Hariharpara,India
Vijayapuri North,India
Antarvedi,India
Viraghattam,India
Chilamatturu,India
Maddikera,India
Tondangi,India
Kambaduru,India
Kohir,India
Pyapali,India
Haldibari,India
Muttukuru,India
Cumbum,India
Relangi,India
Konarka,India
Putaparti,India
Dattapulia,India
Bara,India
Antarvedipalem,India
Chipurupalle,India
Kankipadu,India
Sindhnur,India
Yellareddi,India
Hanamsagar,India
Cherrapunji,India
Bikkavolu,India
Madanpur,India
Holalagondi,India
Odlabari,India
Kottavalasa,India
Penuganchiprolu,India
Bhanukumari,India
Kottacheruvu,India
Lingal,India
Korangal,India
Dornakal,India
Barjora,India
Unguturu,India
Domkonda,India
Karempudi,India
Amaravati,India
Belpukur,India
Undrajavaram,India
Daulatnagar,India
Peddavadlapudi,India
Yedapalli,India
Tezu,India
Duvva,India
Bhimadolu,India
Rajnagar,India
Dundigal,India
Sabang,India
Kumirimora,India
Chityal,India
Kathevaram,India
Polavaram,India
Champadanga,India
Kaladgi,India
Paruchuru,India
Ghoradal,India
Uppada,India
Nallajerla,India
Amrabad,India
Ponduru,India
Sabbavaram,India
Kollipara,India
Patiram,India
Gopalnagar,India
Kankandighi,India
Cossimbazar,India
Panchgani,India
Tirmaigiri,India
Bichkunda,India
Kalikiri,India
Peddakurapadu,India
Turbihal,India
Panjipara,India
Jami,India
Duvvuru,India
Venkatagirikota,India
Kumarkhali,India
Domahani,India
Gurgunta,India
Lokapur,India
Kharar,India
Battulapalle,India
Parigi,India
Kotra,India
Mudhol,India
Sirur,India
Kesabpur,India
Nagar,India
Motkur,India
Damarcherla,India
Kaviti,India
Madugula,India
Karvetnagar,India
Pebberu,India
Pittalavanipalem,India
Betma,India
Karedu,India
Dubak,India
Savalgi,India
Gundugolanu,India
Kankon,India
Chamarru,India
Namchi,India
Ichora,India
Gopalpur,India
Nandipeta,India
Buttayagudem,India
Doddanahalli,India
Duggirala,India
Sher Muhammadpuram,India
Ghambiraopet,India
Mangalkot,India
Khem Karan,India
Sonada,India
Bukkapatnam,India
Khargram,India
Fakirtaki,India
Prattipadu,India
Chennur,India
Antardipa,India
Tetagunta,India
Amarapuuram,India
Mirik,India
Kalipatnam,India
Biknur,India
Denduluru,India
Pedda Adsarlapalli,India
Tanakallu,India
Chebrolu,India
Allur,India
Ganapavaram,India
Lakhipur,India
Pedda Vegi,India
Falimari,India
Edlapadu,India
Doranala,India
Balupur,India
Krosuru,India
Bara Belun,India
Ambhua,India
Rudra Nagar,India
Kautalam,India
Karanchedu,India
Meghraj,India
Nagalapuram,India
Mayureswar,India
Narayanavanam,India
Talsur,India
Dammapeta,India
Kushmanchi,India
Owk,India
Kurabalakota,India
Nandavaram,India
Rajanagaram,India
Amarchinta,India
Kundurpi,India
Srikrishnapur,India
Kalakada,India
Orchha,India
Satyavedu,India
Muzaffarnagar,India
Fatehpur,India
Rambilli,India
Mortad,India
Ramchandrapur,India
Bhagirathpur,India
Konakondla,India
Kodmial,India
Kadur Sahib,India
Bhattiprolu,India
Sonakhal,India
Nekarikallu,India
Naliya,India
Ravutulapudi,India
Patrasaer,India
Perali,India
Galsi,India
Nalgora,India
Sankhavaram,India
Allahdurg,India
Kasba,India
Talupula,India
Rolla,India
Chota Mollakhali,India
Ganga Sagar,India
Kamargani,India
Draksharama,India
Pudimadaka,India
Nallamada,India
Ramabhadrapuram,India
Kamalapuram,India
Sangam,India
Nadendla,India
Petua,India
Besagarahalli,India
Chandur,India
Karapa,India
Akhnur,India
Janapul,India
Karimpur,India
Pragadavaram,India
Tripurantakam,India
Munagapaka,India
Chinnamandem,India
Kattipudi,India
Daulatpur,India
Ketugram,India
Koppaka,India
Gok,India
Gudlavalleru,India
Kotur,India
Komarolu,India
Valaparla,India
Jaipur,India
Paikpara,India
Narkatpalli,India
Lakkireddipalle,India
Khasbalanda,India
Telkapalli,India
Devanakonda,India
Potavaram,India
Para,India
Borgampad,India
Lepakshi,India
Kirlampudi,India
Samalpur,India
Somireddipalle,India
Mungod,India
Kottapalem,India
Ramannapeta,India
Dhantola,India
Lingampet,India
Reddigudem,India
Kanakpur,India
Datian,India
Srisailain,India
Panasapadu,India
Roddam,India
Kalinagar,India
Ganapavaram,India
Belagola,India
Manteswar,India
Bellamkonda,India
Bomareddipalli,India
Kilkunda,India
Tulin,India
Manubolu,India
Hadiaya,India
Honwada,India
Satgachia,India
Basudebpur,India
Elurupadu,India
Malior,India
Chunakhali,India
Muragacha,India
Panchgara,India
Gopalpur,India
Dhanwada,India
Kinhalu,India
Bilaspur,India
Chilakhana,India
Lakhya,India
Kalaikunda,India
Nutakki,India
Ahmadpur,India
Barwan,India
Santamaguluru,India
Dodarasinakere,India
Pagidyala,India
Zafargarh,India
Kathia,India
Kattamuru,India
Kaikaram,India
Konidena,India
Dunigram,India
Uppalaguptam,India
Muddanuru,India
Gandlapenta,India
Dumargram,India
Mashat,India
Uppugunduru,India
Udburu,India
Dattapara,India
Jujharpur,India
Bhogapuram,India
Kaliganj,India
Nirna,India
Damargidda,India
Ayas,India
Rajapudi,India
Durgi,India
Molagavalli,India
Bahira,India
Penaballi,India
Gorsa,India
Jajireddigudem,India
Nagayalanka,India
Maddur,India
Bishnupur,India
Saktigarh,India
Munagala,India
Kurichedu,India
Belakvadi,India
Nurpur,India
Bhaluka,India
Alipukur,India
Chaubaria,India
Kotabommali,India
Guttikonda,India
Dirusumarru,India
Kotalpur,India
Jigarhati,India
Tummalacheruvu,India
Dharmajigudem,India
Kovvali,India
Bhogalt,India
Maisaram,India
Hingalganj,India
Gudluru,India
Bandamurlanka,India
Kalicherla,India
Mustafabad,India
Channubanda,India
Islampur,India
Ranjal,India
Keregodu,India
Gampalagudem,India
Pullalacheruvu,India
Makkuva,India
Madnur,India
Harike,India
Adigoppula,India
Panuria,India
Chitvel,India
Talgachhi,India
Jagatballabhpur,India
Kismatpur,India
Kalkuni,India
Barasat,India
Teranikallu,India
Virapalle,India
Vidapanakallu,India
Navipet,India
Jasaikati,India
Bhagabatipur,India
Manipur,India
Raiparthi,India
Bagalvad,India
Bontapalli,India
Devarkadra,India
Garbham,India
Churulia,India
Anantasagaram,India
Yaragol,India
Penumaka,India
Chintakommadinne,India
Korukollu,India
Ginigera,India
Udramsar,India
Nakkapalle,India
Gangajalghati,India
Tungaturti,India
Majlispur,India
Peddapudi,India
Chikhli,India
Madnakal,India
Galgali,India
Kodakandla,India
Chandpur,India
Vidavaluru,India
Gummadidola,India
Khajuri,India
Tamballapalle,India
Ravinutala,India
Tekmal,India
Berghom,India
Vijayapuri South,India
Konada,India
Dignagar,India
Jagannathpur,India
Bibinagar,India
Venavanka,India
Rangampeta,India
Rodalkundi,India
Kotturu,India
Kethepalli,India
Dupadu,India
Chandipur,India
Maliara,India
Khandaghosh,India
Kirugavalu,India
Karatber,India
Kolleti Kota,India
Chiwemla,India
Takkellapadu,India
Dhanbela,India
Dommaranandyala,India
Anigandlapadu,India
Kavuluru,India
Danagalli,India
Naushahra Panwan,India
Nallacheruvu,India
Peddakadaburu,India
Palakurti,India
Timmapuram,India
Ravipadu,India
Lakhanpur,India
Pippara,India
Chiluvuru,India
Kaligiri,India
Mulakalacheruvu,India
Birkur,India
Gopalganj,India
Rebala,India
Nandivelugu,India
Bhatumra,India
Bhandarhati,India
Tulluru,India
Narayanpur,India
Niala Kondapalle,India
Yazali,India
Beraberi,India
Gopalpur,India
Mahishkuchi,India
Pedda Ganjam,India
Uchalon,India
Huliyurdurga,India
Nekunapuram,India
Pokuru,India
Bhadrapur,India
Manali,India
Mallepalli,India
Baruipara,India
Natavaram,India
Agali,India
Barua Gopalpur,India
Surampalle,India
Bara Bakra,India
Dhalpal,India
Bajanki,India
Garladinne,India
Hire Kotankal,India
Datura,India
Wajrakarur,India
Indrani,India
Pata Pandillapalle,India
Rajavommangi,India
Sante Kasalgere,India
Mundlapadu,India
Haripur,India
Bujang,India
Hatinda,India
Mantur,India
Kirnahar,India
Baireddipalle,India
Mathampalli,India
Pachipenta,India
Radhangar,India
Meliyaputtu,India
Baishata,India
Damaramadugu,India
Kruttivennu,India
Bestavarapeta,India
Namkhana,India
Muglispur,India
Sheakhala,India
Ramasamudram,India
Bargari,India
Chelyama,India
Palagara,India
Gura,India
Adwitnagar,India
Ponnaluru,India
Khatra,India
Belsur,India
Polaki,India
Yadamari,India
Chataparru,India
Mulaguntapadu,India
Nirmanvi,India
Raniganj,India
Krishnaranpur,India
Upputuru,India
Annaram,India
Simlapal,India
Gosanimari Bandar,India
Chinnakakani,India
Chilakapalem,India
Nigan,India
Bijnapalli,India
Pipa,India
Chandrasekharapuram,India
Chennekottapalle,India
Fatehpor,India
Mogallu,India
Beluguppa,India
Rajbari,India
Parakaram,India
Chevella,India
Karumanchi,India
Belluru,India
Bandi Atmakuru,India
Khanta,India
Kotauratla,India
Havaligi,India
Chintalavalasa,India
Polba,India
Mudinepalle,India
Kurupam,India
Hire Padsalgi,India
Valigonda,India
Sayampet,India
Sibkalinagar,India
Pedda Bhogila,India
Kodekal,India
Bagdaha,India
Umarpur,India
Battili,India
Katangur,India
Kunchanapalle,India
Kalingapatnam,India
Aspari,India
Nekkonda,India
Karalapadu,India
Rudravaram,India
Rangaipur,India
Cherukuru,India
Ramapur,India
Ramthenga,India
Devaruppal,India
Morta,India
Kennalu,India
Dhola,India
Bharatgarh,India
Digambarpur,India
Annavaram,India
Topla,India
Holavanhalli,India
Arakeri,India
Bagchara,India
Dornipadu,India
Kamarpalli,India
Lingasamudram,India
Mallarpur,India
Muppalla,India
Badampudi,India
Maipadu,India
Bagela,India
Kandrakota,India
Khopakati,India
Dwarapudi,India
Malkapuram,India
Mohanpur,India
Chaudepalle,India
Sasan,India
Madhura,India
Katak Chincholi,India
Amarkantak,India
Kalla,India
Salgundi,India
Kongal,India
Mohanpur,India
Lakkavaram,India
Vempa,India
Bantumilli,India
Kantalia,India
Rimbik,India
Morgim,India
Palhalli,India
Bondapalle,India
Pulipadu,India
Beliator,India
Paidipadu,India
Mandirtala,India
Kanaganapalle,India
Tipparti,India
Etikoppaka,India
Gadivemula,India
Tarachua,India
Kandlagunta,India
Mudivarti,India
Obuladevarcheruvu,India
Dariapur,India
Murarai,India
Maddipadu,India
Amadaguru,India
Kondavidu,India
Matsyapuri,India
Moragudi,India
Karimnagar,India
Timmapuram,India
Brahmanagudem,India
Hebbur,India
Elangi,India
Palsa,India
Ventrapragada,India
Mandadam,India
Kotananduru,India
Ellanuru,India
Sidhar,India
Baswa,India
Digalgram,India
Kandaran,India
Kavuru,India
Kasimpur,India
Balatgi,India
Banpur,India
Dumpagadapa,India
Racherla,India
Galaga,India
Mahurapur,India
Andimatam,India
Begunkudar,India
Kottapalle,India
Gobindapur,India
Kandgal,India
Tallacheruvu,India
Ramchandrapur,India
Manoharpur,India
Ratua,India
Raipur,India
Kodur,India
Natabari Hat,India
Bhelian,India
Nizampur,India
Baruva,India
Khulna,India
Kariali,India
Kyadgeri,India
Narathali,India
Jakranpalli,India
Nangli,India
Algur,India
Dodharye,India
Bandhkhola,India
Gavunipalli,India
Phulbari,India
Kanamarlapudi,India
Harispur,India
Peravali,India
Rentapalla,India
Kochcherla,India
Narendranagar,India
Ardavidu,India
Elakkurichchi,India
Mirkal,India
Sathaur,India
Varadayyapalaiyam,India
Jejur,India
Venkatakrishnarayapuram,India
Jhikra,India
Duttaluru,India
Durgapur,India
Khanta,India
Karavadi,India
Jagdeopur,India
Chapirevula,India
Somala,India
Mehegram,India
Khedra,India
Uppalapadu,India
Kukunuru,India
Onda,India
Muratpur,India
Pedda Nandipadu,India
Bhujabalapatnam,India
Chopra,India
Sandhwan,India
Talgram,India
Chinna Chintakunta,India
Bhastara,India
Ramakuppam,India
Kottakki,India
Nandigram,India
Harvi,India
Loutolim,India
Kuderu,India
Kalavalapalle,India
Kondramutla,India
Bajargaon,India
Pusapatirega,India
Kyalanur,India
Attota,India
Bisor,India
Sarenga,India
Kochara,India
Murikipudi,India
Medpalli,India
Khata,India
Musunuru,India
Timmasamudram,India
Chejerla,India
Nirman,India
Mirle,India
Radhanagar,India
Fatehpur,India
Bhulki,India
Ankapuram,India
Tarapur,India
Hatgacha,India
Kerimeri,India
Terlam,India
Sakkarepatna,India
Mungonda,India
Bandarlapalli,India
Bevur,India
Konanki,India
Ranasthalam,India
Birajnagar,India
Labpur,India
Tummurukota,India
Tondapi,India
Kothakota,India
Benior,India
Nandalur,India
Valluru,India
Kakumanu,India
Churakuti,India
Panagarh,India
Natalapadu,India
Ambarpeta,India
Majiyara,India
Goyamara,India
Pullampet,India
Masarkal,India
Sitarampuram,India
Gajapatinagaram,India
Hattikuni,India
Putalapattu,India
Kuvagam,India
Rhenok,India
Kondamanjuluru,India
Addatigala,India
Yelmanaid,India
Chillakur,India
Kotipalle,India
Kaldhari,India
Lingadahalli,India
Golugonda,India
Budhakhali,India
Kosuvaripalle,India
Pedda Orampadu,India
Jaldhoa,India
Kalmali,India
Gottipadu,India
Putluru,India
Kapileswarapuram,India
Utukur,India
Sabakpur,India
Piridi,India
Goli,India
Pogiri,India
Indiri,India
Barabari,India
Lingareddipalem,India
Singareni,India
Mejia,India
Tarlupadu,India
Gopavaram,India
Rayna,India
Tadimarri,India
Kistnapatam,India
Karepalli,India
Harirampur,India
Fatehgarh Panjtur,India
Pegadpalli,India
Chinna Pandraka,India
Matmari,India
Lakshmisagar,India
Kundapak,India
Kallankurichchi,India
Peddaravidu,India
Puncha,India
Gudipudi,India
Cherlagudipadu,India
Ramadugu,India
Gote,India
Vellalacheruvu,India
Komarada,India
Nujendla,India
Lansdowne,India
Dagadarti,India
Bhrigubanda,India
Kumargram,India
Basudha,India
Jukal,India
Mantada,India
Nambulapulikunta,India
Kunaparajuparva,India
Dandepalii,India
Dammalapadu,India
Vanamaladinne,India
Kalavakuru,India
Ramasamudram,India
Virannapalem,India
Sitampeta,India
Gudivakalanka,India
Hamidi,India
Gazulmandiyam,India
Burda,India
Gosaba,India
Mustur,India
Korukonda,India
Aripanthan,India
Maddikera Agraharam,India
Kolavennu,India
Chingarali,India
Veguru,India
Nandavaram,India
Nagareddipet,India
Chandragudem,India
Gorubathan,India
Thode,India
Rolugunta,India
Velagaleru,India
Sayipeta,India
Byadanur,India
Kulumur,India
Talamarla,India
Bandarupalle,India
Machareddi,India
Peddapasupula,India
Reddicherla,India
Manyapadu,India
Samse,India
Virapapur,India
Kasipet,India
Gundrevula,India
Rebna,India
Atluru,India
Tirupati,India
Rudravaram,India
Tuggali,India
Mulakalapalle,India
Somapalle,India
Mallavaram,India
Venkatapuram,India